,loss,dense_84_loss,dense_85_loss,dense_86_loss,dense_87_loss,lr
0,6.442837715148926,0.9995579123497009,0.7037337422370911,3.390902280807495,1.3486427068710327,0.002
1,3.549365520477295,0.8140549063682556,0.2628939151763916,2.1576766967773438,0.31473928689956665,0.002
2,2.4978954792022705,0.6670003533363342,0.053444378077983856,1.5992296934127808,0.17822065949440002,0.002
3,1.8411356210708618,0.5700702667236328,0.010563444346189499,1.1476192474365234,0.11288253962993622,0.002
4,1.3904041051864624,0.48564645648002625,0.003614416578784585,0.8264738321304321,0.07466941326856613,0.002
5,1.0637940168380737,0.4328126609325409,0.0022336579859256744,0.5814468264579773,0.047301072627305984,0.002
6,0.7728163003921509,0.38017791509628296,0.0015595739241689444,0.35616055130958557,0.03491824120283127,0.002
7,0.6046559810638428,0.3604791760444641,0.00118134671356529,0.2128973752260208,0.030098188668489456,0.002
8,0.4863976538181305,0.3154538869857788,0.0009558128076605499,0.1435348242521286,0.026453131809830666,0.002
9,0.4265412986278534,0.2926624119281769,0.002166638383641839,0.10887321084737778,0.02283903956413269,0.002
10,0.37870147824287415,0.2693558931350708,0.000664867227897048,0.08715113252401352,0.021529605612158775,0.002
11,0.34712377190589905,0.2508068084716797,0.00041024823440238833,0.07395818084478378,0.02194855362176895,0.002
12,0.40918073058128357,0.3029821813106537,0.0007450493285432458,0.08476334810256958,0.020690172910690308,0.002
13,0.30081838369369507,0.22172385454177856,0.0004931794828735292,0.06020783632993698,0.01839352585375309,0.002
14,0.2585255801677704,0.18914607167243958,0.00025382297462783754,0.052023325115442276,0.01710234209895134,0.002
15,0.23241357505321503,0.17326554656028748,0.00020752992713823915,0.043408237397670746,0.015532274730503559,0.002
16,0.22081443667411804,0.16634416580200195,0.0008746247040107846,0.03864916041493416,0.0149464663118124,0.002
17,0.2032770812511444,0.15234872698783875,0.0002369832363910973,0.036894168704748154,0.01379720401018858,0.002
18,0.2025139331817627,0.15603159368038177,0.00015426693425979465,0.03364187851548195,0.01268616784363985,0.002
19,0.18388167023658752,0.14139334857463837,0.0001515454932814464,0.030645281076431274,0.011691521853208542,0.002
20,0.18083299696445465,0.1388043314218521,0.000149222367326729,0.030344359576702118,0.01153510995209217,0.002
21,0.1677342653274536,0.12837445735931396,0.0002735297894105315,0.027428265661001205,0.011658038012683392,0.002
22,0.15716293454170227,0.12123389542102814,0.0001526213309261948,0.02517370693385601,0.010602681897580624,0.002
23,0.15157517790794373,0.1180868074297905,0.00010961360385408625,0.02346903271973133,0.009909751825034618,0.002
24,0.14692120254039764,0.11591743677854538,0.00012427617912180722,0.021854275837540627,0.00902523472905159,0.002
25,0.14230512082576752,0.1110624372959137,9.134475840255618e-05,0.022627385333180428,0.008523962460458279,0.002
26,0.14479011297225952,0.11634031683206558,0.0001075538748409599,0.019443634897470474,0.008898604661226273,0.002
27,0.1315208524465561,0.10491686314344406,9.881937876343727e-05,0.018842007964849472,0.007663134951144457,0.002
28,0.12569527328014374,0.10190372914075851,8.469880413031206e-05,0.016450846567749977,0.007255990989506245,0.002
29,0.13486763834953308,0.11056628078222275,9.937580034602433e-05,0.01707261987030506,0.007129359990358353,0.002
30,0.12994599342346191,0.10765247792005539,0.00011790304415626451,0.015546404756605625,0.006629183888435364,0.002
31,0.13106970489025116,0.1083192378282547,0.0001244012819370255,0.01638924889266491,0.006236829329282045,0.002
32,0.12315669655799866,0.10184087604284286,0.00023817786131985486,0.014500591903924942,0.00657705357298255,0.002
33,0.11608854681253433,0.09437084943056107,0.00012272794265300035,0.013741426169872284,0.007853570394217968,0.002
34,0.10762257874011993,0.08878523111343384,8.774163870839402e-05,0.0128746647387743,0.005874955095350742,0.002
35,0.1029122844338417,0.08492155373096466,7.632747292518616e-05,0.012080219574272633,0.005834183190017939,0.002
36,0.1115567609667778,0.09222572296857834,7.718877895968035e-05,0.013185874558985233,0.006067986134439707,0.002
37,0.10181896388530731,0.0852370634675026,7.921040378278121e-05,0.010966495610773563,0.005536213517189026,0.002
38,0.09762278944253922,0.08196020126342773,7.45096622267738e-05,0.010662714019417763,0.004925366956740618,0.002
39,0.09950171411037445,0.08401808142662048,6.530866085086018e-05,0.010965499095618725,0.004452825058251619,0.002
40,0.09218402206897736,0.07798926532268524,6.81024175719358e-05,0.009806867688894272,0.0043197860941290855,0.002
41,0.08568469434976578,0.07290717959403992,5.740266715292819e-05,0.008699532598257065,0.00402058893814683,0.002
42,0.08383626490831375,0.07155858725309372,5.681299444404431e-05,0.008545944467186928,0.0036749260034412146,0.002
43,0.2688719630241394,0.2233155220746994,0.0027323844842612743,0.0342763252556324,0.008547719568014145,0.002
44,0.20567619800567627,0.17208871245384216,0.00047311189700849354,0.02526300773024559,0.007851338014006615,0.002
45,0.13697704672813416,0.11039908230304718,0.0002224686904810369,0.01912040263414383,0.007235100958496332,0.002
46,0.10459564626216888,0.08635514974594116,0.00012881790462415665,0.013345688581466675,0.004765988327562809,0.002
47,0.09442446380853653,0.07980643957853317,8.995812095236033e-05,0.010192230343818665,0.004335836507380009,0.002
48,0.0874718502163887,0.07521816343069077,8.015418279683217e-05,0.008336582221090794,0.0038369507528841496,0.002
49,0.08003122359514236,0.06813137233257294,7.844917854527012e-05,0.008715372532606125,0.0031060357578098774,0.002
50,0.08221767097711563,0.07203321903944016,6.179158663144335e-05,0.006892810575664043,0.003229851368814707,0.002
51,0.07819955796003342,0.06768503785133362,8.047853043535724e-05,0.0072088041342794895,0.0032252289820462465,0.002
52,0.07353421300649643,0.06423214077949524,6.611105345655233e-05,0.006547039374709129,0.002688921755179763,0.002
53,0.07138419896364212,0.061515774577856064,5.758296174462885e-05,0.0067176599986851215,0.0030931823421269655,0.002
54,0.0706644281744957,0.06103980541229248,5.6424029025947675e-05,0.006864007096737623,0.002704198705032468,0.002
55,0.06711588054895401,0.058644939213991165,5.296958261169493e-05,0.006054489873349667,0.0023634794633835554,0.002
56,0.06566637754440308,0.05783594399690628,5.1301965868333355e-05,0.005527488421648741,0.002251650905236602,0.002
57,0.06859856098890305,0.059070177376270294,5.7151602959493175e-05,0.007276727352291346,0.0021945196203887463,0.002
58,0.06566805392503738,0.0579104907810688,5.260084799374454e-05,0.005595478694885969,0.0021094956900924444,0.002
59,0.06498108059167862,0.05781674385070801,5.096474342280999e-05,0.005251234397292137,0.0018621226772665977,0.002
60,0.06413955241441727,0.05748562514781952,4.967023050994612e-05,0.004745927173644304,0.0018583412747830153,0.002
61,0.07129339128732681,0.06226135045289993,5.58301544515416e-05,0.0065195620991289616,0.002456649672240019,0.002
62,0.06742580235004425,0.05925193056464195,5.5552900448674336e-05,0.005768108181655407,0.002350212773308158,0.002
63,0.06433172523975372,0.057437486946582794,5.1975224778288975e-05,0.004989825654774904,0.0018524423940107226,0.002
64,0.08934714645147324,0.07885339856147766,8.056770457187667e-05,0.00817897915840149,0.0022342053707689047,0.002
65,0.07316538691520691,0.0641660988330841,7.85567463026382e-05,0.006846711039543152,0.0020740178879350424,0.002
66,0.06513264775276184,0.058460209518671036,5.5516375141451135e-05,0.004652572795748711,0.0019643460400402546,0.002
67,0.06443629413843155,0.057299450039863586,5.6243923609144986e-05,0.004964683670550585,0.002115917392075062,0.002
68,0.0638018399477005,0.0560990534722805,5.206806235946715e-05,0.004628925118595362,0.0030217941384762526,0.002
69,0.060831502079963684,0.05518291890621185,5.058393799117766e-05,0.0036884977016597986,0.0019094988238066435,0.002
70,0.05807216465473175,0.05247412994503975,4.7756260755704716e-05,0.0038841317873448133,0.0016661573899909854,0.002
71,0.05630577728152275,0.05119732767343521,4.428729153005406e-05,0.003470160299912095,0.0015940007288008928,0.002
72,0.0662437230348587,0.059874121099710464,4.954702308168635e-05,0.0047005764208734035,0.001619481947273016,0.002
73,0.054009221494197845,0.04874829202890396,4.740369331557304e-05,0.003786243963986635,0.0014272877015173435,0.002
74,0.05331942066550255,0.04733007401227951,3.950163954868913e-05,0.0041870432905852795,0.001762803760357201,0.002
75,0.12289175391197205,0.11251785606145859,0.0010160887613892555,0.0067584156058728695,0.0025994102470576763,0.002
76,0.11322090029716492,0.09989825636148453,0.0004255466046743095,0.008911162614822388,0.003985925577580929,0.002
77,0.09208255261182785,0.07670627534389496,0.00047253986122086644,0.01151640247553587,0.003387330798432231,0.002
78,0.08203760534524918,0.06858579814434052,0.0001449350529583171,0.009844562970101833,0.0034623092506080866,0.002
79,0.06852895021438599,0.059160247445106506,7.668005855521187e-05,0.007213213946670294,0.00207881280221045,0.002
80,0.05812421813607216,0.05181246995925903,6.825204036431387e-05,0.0046911989338696,0.0015523049514740705,0.002
81,0.05436741188168526,0.04803876951336861,5.1433045882731676e-05,0.0041887955740094185,0.0020884054247289896,0.002
82,0.05085096135735512,0.046131763607263565,4.57843198091723e-05,0.0033855645451694727,0.0012878397246822715,0.002
83,0.04993197321891785,0.04517291858792305,3.858607669826597e-05,0.0032696928828954697,0.0014507737942039967,0.002
84,0.0496029406785965,0.04500975087285042,3.993419886683114e-05,0.0035011563450098038,0.0010520992800593376,0.002
85,0.04913903772830963,0.04415978118777275,3.450846634223126e-05,0.0034812784288078547,0.0014634671388193965,0.002
86,0.05267299711704254,0.04806734248995781,4.104380059288815e-05,0.0034330158960074186,0.001131602912209928,0.002
87,0.04836638644337654,0.04402300342917442,3.612180080381222e-05,0.003297735471278429,0.0010095195611938834,0.002
88,0.05025738850235939,0.045351602137088776,3.588082472560927e-05,0.003308989806100726,0.0015609328402206302,0.002
89,0.052620310336351395,0.04738590121269226,3.7438738218043e-05,0.0037833794485777617,0.0014135799137875438,0.002
90,0.04909277707338333,0.04416843503713608,3.641041985247284e-05,0.0032666241750121117,0.001621302799321711,0.002
91,0.047208357602357864,0.04236495494842529,3.77922915504314e-05,0.0030379656236618757,0.0017676395364105701,0.002
92,0.04467558115720749,0.04087979719042778,3.111439946223982e-05,0.0029321457259356976,0.0008325285743921995,0.002
93,0.04523046687245369,0.04171042516827583,3.268124055466615e-05,0.0026479074731469154,0.0008394508040510118,0.002
94,0.046073462814092636,0.04161034896969795,3.12200681946706e-05,0.0027152805123478174,0.0017166088800877333,0.002
95,0.04298638924956322,0.03981809318065643,3.0620220059063286e-05,0.002201198600232601,0.000936472846660763,0.002
96,0.04457314684987068,0.04121798276901245,3.23918902722653e-05,0.0024753541219979525,0.0008474233327433467,0.002
97,0.04164673388004303,0.03832678124308586,2.98915256280452e-05,0.0024703615345060825,0.0008196970447897911,0.002
98,0.04546809941530228,0.0414750799536705,2.8923104764544405e-05,0.002816068707033992,0.0011480246903374791,0.002
99,0.04698065668344498,0.04282255843281746,3.2221298170043156e-05,0.003226199885830283,0.0008996775723062456,0.002
100,0.04631129652261734,0.042453911155462265,3.6247973184799775e-05,0.0030218996107578278,0.0007992326281964779,0.002
101,0.04974254593253136,0.045971039682626724,3.2988362363539636e-05,0.002781657036393881,0.0009568618843331933,0.002
102,0.04416307806968689,0.04076801612973213,3.5165106964996085e-05,0.002598930848762393,0.0007609723252244294,0.002
103,0.041763439774513245,0.03862220421433449,2.941064303740859e-05,0.0022560355719178915,0.0008557928376831114,0.002
104,0.048156868666410446,0.04187004640698433,3.351458508404903e-05,0.004730150103569031,0.0015231665456667542,0.002
105,0.05028083175420761,0.04560844227671623,3.8090976886451244e-05,0.002991666318848729,0.001642641145735979,0.002
106,0.044215284287929535,0.04037582501769066,3.156410457449965e-05,0.0027577290311455727,0.0010501695796847343,0.002
107,0.04777422547340393,0.0420047864317894,3.45971311617177e-05,0.003741129534319043,0.0019937180913984776,0.002
108,0.052399951964616776,0.04666318744421005,3.7908794183749706e-05,0.0037161395885050297,0.0019827154465019703,0.002
109,0.048765454441308975,0.04433818161487579,4.131557943765074e-05,0.0030349146109074354,0.0013510442804545164,0.002
110,0.057039134204387665,0.04918523505330086,4.804712443728931e-05,0.005933939944952726,0.001871925895102322,0.002
111,0.05888338387012482,0.053457800298929214,5.389064608607441e-05,0.00428144633769989,0.0010902329813688993,0.002
112,0.05176375061273575,0.0463382862508297,5.2376337407622486e-05,0.004564445465803146,0.0008086495799943805,0.002
113,0.04159850254654884,0.0381377637386322,4.161489778198302e-05,0.0027196966111660004,0.0006994255818426609,0.002
114,0.04146536812186241,0.03862978518009186,4.815908323507756e-05,0.0021081683225929737,0.0006792633212171495,0.002
115,0.037157684564590454,0.03451460227370262,3.57482822437305e-05,0.0019251670455560088,0.0006821699207648635,0.002
116,0.039772260934114456,0.037120234221220016,3.4369106288067997e-05,0.001889117294922471,0.0007285492611117661,0.002
117,0.04050072282552719,0.037852607667446136,3.058757647522725e-05,0.0020581805147230625,0.0005593472742475569,0.002
118,0.03859700635075569,0.035747021436691284,3.281501631136052e-05,0.002243926515802741,0.0005732448771595955,0.002
119,0.04492177069187164,0.041498441249132156,3.22856503771618e-05,0.0028017996810376644,0.0005892438930459321,0.002
120,0.037958476692438126,0.035465214401483536,3.489914524834603e-05,0.0017378024058416486,0.0007205606088973582,0.002
121,0.03813590481877327,0.03562948480248451,3.419991480768658e-05,0.0019490880658850074,0.0005231331451795995,0.002
122,0.03710237517952919,0.03466394916176796,3.1934654543874785e-05,0.0018007768085226417,0.0006057121208868921,0.002
123,0.04003957286477089,0.03717418760061264,3.245702464482747e-05,0.0022295762319117785,0.000603357853833586,0.002
124,0.03668954223394394,0.03389730677008629,3.2675674447091296e-05,0.002130096545442939,0.0006294651539064944,0.002
125,0.038691889494657516,0.0360056571662426,2.8967902835574932e-05,0.00210491381585598,0.000552358222194016,0.002
126,0.04080412536859512,0.036942701786756516,4.943403473589569e-05,0.003130558645352721,0.0006814246298745275,0.002
127,0.037763696163892746,0.033620573580265045,3.30728325934615e-05,0.0031037121079862118,0.001006332691758871,0.002
128,0.03809240460395813,0.03445851430296898,2.8179714718135074e-05,0.002994316862896085,0.000611392199061811,0.002
129,0.04115643352270126,0.037048764526844025,3.274064147262834e-05,0.003480905434116721,0.0005940261762589216,0.002
130,0.03700677305459976,0.03387569636106491,2.9047909265500493e-05,0.0025450726971030235,0.0005569583154283464,0.002
131,0.036205511540174484,0.033300019800662994,3.028894388990011e-05,0.002123024081811309,0.0007521809893660247,0.002
132,0.03707768768072128,0.034309808164834976,2.822447095240932e-05,0.0019271010532975197,0.0008125472231768072,0.002
133,0.0360664539039135,0.03307793289422989,3.038567774638068e-05,0.0023991120979189873,0.0005590245709754527,0.002
134,0.03608670458197594,0.03294210508465767,3.0975177651271224e-05,0.0018627962563186884,0.001250827219337225,0.002
135,0.039737194776535034,0.03522402420639992,3.483394903014414e-05,0.00278035388328135,0.0016979753272607923,0.002
136,0.03616553172469139,0.03284589201211929,3.1469531677430496e-05,0.002064310945570469,0.0012238594936206937,0.002
137,0.038736194372177124,0.03409532457590103,3.819114499492571e-05,0.0020045696292072535,0.0025981098879128695,0.002
138,0.03643430769443512,0.03384125977754593,2.9483771868399344e-05,0.0016110084252431989,0.0009525620844215155,0.002
139,0.04466085135936737,0.03968726843595505,5.154474274604581e-05,0.0036569698713719845,0.0012650726130232215,0.002
140,0.047302741557359695,0.04308762773871422,3.895070403814316e-05,0.0033431861083954573,0.00083298166282475,0.002
141,0.03552088141441345,0.03324182331562042,3.148316318402067e-05,0.0015825300943106413,0.0006650517461821437,0.002
142,0.03650876507163048,0.0337081216275692,2.8475920771597885e-05,0.0021353282500058413,0.0006368286558426917,0.002
143,0.03569450601935387,0.03366957977414131,3.582386125344783e-05,0.0014844886027276516,0.0005046188598498702,0.002
144,0.03643692657351494,0.034270863980054855,2.987263724207878e-05,0.0016841101460158825,0.00045207366929389536,0.002
145,0.03188623487949371,0.03005843050777912,3.2029562134994194e-05,0.0014252362307161093,0.0003705417620949447,0.002
146,0.031875722110271454,0.030177704989910126,2.9851333238184452e-05,0.0012547645019367337,0.000413407979067415,0.002
147,0.029676588252186775,0.028110196813941002,2.6899670046987012e-05,0.001170119270682335,0.0003693695180118084,0.002
148,0.0340384915471077,0.032235655933618546,3.0320192308863625e-05,0.0014048604061827064,0.000367654807632789,0.002
149,0.033386148512363434,0.031415652483701706,2.9439968784572557e-05,0.0015307378489524126,0.00041030949796549976,0.002
150,0.0321594774723053,0.029912540689110756,3.096161162829958e-05,0.0014815020840615034,0.0007344713085331023,0.002
151,0.03143748268485069,0.029401548206806183,2.7868529286934063e-05,0.0015095103299245238,0.0004985557752661407,0.002
152,0.03382223844528198,0.031124720349907875,2.624692933750339e-05,0.0018145313952118158,0.0008567466284148395,0.002
153,0.03048384003341198,0.02869289182126522,2.7621377739706077e-05,0.001253168098628521,0.0005101563292555511,0.002
154,0.029421569779515266,0.02748297154903412,2.5137171178357676e-05,0.0014049335150048137,0.0005085330340079963,0.002
155,0.02919020503759384,0.027542967349290848,2.4064698664005846e-05,0.0012480535078793764,0.0003751159238163382,0.002
156,0.02950923703610897,0.027355128899216652,2.5520901544950902e-05,0.0017758648609742522,0.00035271700471639633,0.002
157,0.030258841812610626,0.027854613959789276,2.3726217477815226e-05,0.0019904528744518757,0.0003900529118254781,0.002
158,0.02923118881881237,0.027546808123588562,2.458934613969177e-05,0.0011019076919183135,0.0005578852142207325,0.002
159,0.03357391431927681,0.030059373006224632,2.7520958610693924e-05,0.0022563994862139225,0.0012306197313591838,0.002
160,0.03626635670661926,0.03282216191291809,4.317934872233309e-05,0.002666246145963669,0.0007347671198658645,0.002
161,0.037090402096509933,0.0333312451839447,2.9822287615388632e-05,0.003201673971489072,0.0005276651936583221,0.002
162,0.03444131463766098,0.03160000592470169,2.6182069632341154e-05,0.0017861368833109736,0.0010289864148944616,0.002
163,0.03233250230550766,0.03018939681351185,2.706616032810416e-05,0.0017173262313008308,0.0003987129603046924,0.002
164,0.03328413888812065,0.03148314729332924,3.116345396847464e-05,0.0013501199427992105,0.0004197166417725384,0.002
165,0.031185736879706383,0.02936781570315361,2.487171695975121e-05,0.0014259314630180597,0.0003671180456876755,0.002
166,0.041468895971775055,0.035938479006290436,3.1595336622558534e-05,0.004365331493318081,0.0011334916343912482,0.002
167,0.04846786707639694,0.03933380916714668,3.702115282067098e-05,0.005033673718571663,0.0040633645839989185,0.002
168,0.04394324868917465,0.03914385661482811,4.3449559598229825e-05,0.003139153588563204,0.0016167856520041823,0.002
169,0.04038640856742859,0.03583446517586708,4.025287489639595e-05,0.003518212353810668,0.000993476016446948,0.002
170,0.04179545119404793,0.03834021836519241,4.329602234065533e-05,0.0023697183933109045,0.0010422185296192765,0.002
171,0.03717811033129692,0.03457925096154213,4.183576311334036e-05,0.0019238110398873687,0.0006332048214972019,0.002
172,0.03985672816634178,0.03701605275273323,3.775621735258028e-05,0.0021748284343630075,0.0006280876114033163,0.002
173,0.03927404806017876,0.03616447374224663,3.5636705433717e-05,0.0025320956483483315,0.0005418372456915677,0.002
174,0.03815728798508644,0.03525698557496071,3.5974375350633636e-05,0.0024274170864373446,0.00043691854807548225,0.002
175,0.03707391023635864,0.03425343334674835,3.2838554034242406e-05,0.0022754743695259094,0.0005121694412082434,0.002
176,0.041183531284332275,0.03607138246297836,4.910090865450911e-05,0.0023433812893927097,0.0027196567971259356,0.001
177,0.02924642339348793,0.027179129421710968,3.3925261959666386e-05,0.0014141766587272286,0.0006191948195919394,0.001
178,0.025354567915201187,0.0240529403090477,2.4216917154262774e-05,0.0009999177418649197,0.00027749480796046555,0.001
179,0.023727456107735634,0.022540464997291565,2.1692878362955526e-05,0.0009096037829294801,0.00025569155695848167,0.001
180,0.02323516272008419,0.022170748561620712,1.9969065760960802e-05,0.0007985637057572603,0.00024587471853010356,0.001
181,0.02281121350824833,0.021778685972094536,1.9657050870591775e-05,0.000769364065490663,0.00024350514286197722,0.001
182,0.022525914013385773,0.021490689367055893,1.8882816220866516e-05,0.0007787015638314188,0.00023763836361467838,0.001
183,0.02237604185938835,0.021387087181210518,1.9068147594225593e-05,0.0007368209189735353,0.00023306456569116563,0.001
184,0.02271951735019684,0.02173064649105072,1.8338334484724328e-05,0.0007368538645096123,0.00023367618268821388,0.001
185,0.022495044395327568,0.021531695500016212,1.8502134480513632e-05,0.0007170742028392851,0.00022777248523198068,0.001
186,0.022086691111326218,0.02109098806977272,1.8234661183669232e-05,0.0007489172276109457,0.00022855159477330744,0.001
187,0.0219302698969841,0.02091255597770214,1.731742304400541e-05,0.0007738185813650489,0.00022657739464193583,0.001
188,0.02180051989853382,0.020816678181290627,1.7411717635695823e-05,0.0007427313830703497,0.00022370005899574608,0.001
189,0.0216323584318161,0.02069614641368389,1.655445339565631e-05,0.0006978591554798186,0.00022179765801411122,0.001
190,0.021578563377261162,0.020652752369642258,1.57196591317188e-05,0.0006881854496896267,0.00022190713207237422,0.001
191,0.02275313250720501,0.02094426192343235,1.5110382264538202e-05,0.0014847323764115572,0.0003090257232543081,0.001
192,0.023006249219179153,0.021448036655783653,1.5542726032435894e-05,0.0011445851996541023,0.0003980817855335772,0.001
193,0.021944638341665268,0.0208034235984087,1.5489518773392774e-05,0.0008038848754949868,0.0003218390920665115,0.001
194,0.021668143570423126,0.02054361253976822,1.5598041500197724e-05,0.0008045611320994794,0.0003043717588298023,0.001
195,0.02147466316819191,0.020524492487311363,1.5253076526278164e-05,0.0006809425540268421,0.00025397504214197397,0.001
196,0.021183237433433533,0.020285658538341522,1.4783757251279894e-05,0.0006631704745814204,0.0002196283603552729,0.001
197,0.021153420209884644,0.020172905176877975,1.4357266991282813e-05,0.0007524784887209535,0.00021367456065490842,0.001
198,0.020846543833613396,0.019999530166387558,1.4907079275872093e-05,0.0006282511749304831,0.0002038550010183826,0.001
199,0.021962272003293037,0.021022630855441093,1.4734680917172227e-05,0.0007100615184754133,0.00021484772150870413,0.001
200,0.021059423685073853,0.020088041201233864,1.4634622857556678e-05,0.0007500355714000762,0.00020671391393989325,0.001
201,0.020917417481541634,0.01990639977157116,1.4080020264373161e-05,0.0007784359622746706,0.00021850310440640897,0.001
202,0.020633811131119728,0.019712574779987335,1.4435767297982238e-05,0.0006997905438765883,0.0002070100454147905,0.001
203,0.02044965699315071,0.019601983949542046,1.3943721569376066e-05,0.0006348286988213658,0.00019890406110789627,0.001
204,0.020381946116685867,0.01951957494020462,1.3776438208878972e-05,0.000649091845843941,0.0001995033526327461,0.001
205,0.02033580094575882,0.019458964467048645,1.3278171536512673e-05,0.0006624782108701766,0.00020108015451114625,0.001
206,0.020270561799407005,0.019374851137399673,1.3414583918347489e-05,0.0006864925962872803,0.00019580348453018814,0.001
207,0.020109862089157104,0.01929619535803795,1.3067219697404653e-05,0.0006120354519225657,0.00018856498354580253,0.001
208,0.020009100437164307,0.019243692979216576,1.3345173101697583e-05,0.0005584201426245272,0.00019363846513442695,0.001
209,0.019969578832387924,0.01914490945637226,1.3028060493525118e-05,0.0006233116728253663,0.00018833122157957405,0.001
210,0.01988050900399685,0.019149359315633774,1.2593437531904783e-05,0.0005253942799754441,0.0001931631559273228,0.001
211,0.019957376644015312,0.019176792353391647,1.2707626410701778e-05,0.0005532376817427576,0.00021463834855239838,0.001
212,0.020157869905233383,0.019380541518330574,1.3598309124063235e-05,0.0005696521257050335,0.00019407882064115256,0.001
213,0.02004498615860939,0.019261062145233154,1.291201806452591e-05,0.000580852385610342,0.00019015991711057723,0.001
214,0.02035754919052124,0.01961495541036129,1.2445455467968713e-05,0.0005397389177232981,0.00019041102495975792,0.001
215,0.020121518522500992,0.019305918365716934,1.3100909200147726e-05,0.00059081258950755,0.00021168724924791604,0.001
216,0.01977057196199894,0.019011547788977623,1.2994135431654286e-05,0.0005601815064437687,0.00018584803910925984,0.001
217,0.02111040987074375,0.020358558744192123,1.2582374438352417e-05,0.0005553796654567122,0.00018388876924291253,0.001
218,0.022817201912403107,0.02149420976638794,1.2932970093970653e-05,0.0011099964613094926,0.00020006678823847324,0.001
219,0.020902279764413834,0.019951626658439636,1.344791326118866e-05,0.0007407383527606726,0.00019646894361358136,0.001
220,0.020334811881184578,0.01958501897752285,1.4147204637993127e-05,0.0005455350619740784,0.00019011500990018249,0.001
221,0.019638873636722565,0.018850944936275482,1.2415855053404812e-05,0.0005919815157540143,0.00018353035557083786,0.001
222,0.01939639076590538,0.01859380677342415,1.17320332719828e-05,0.0006145398365333676,0.00017631078662816435,0.001
223,0.01928872987627983,0.018531572073698044,1.2371181583148427e-05,0.0005693009588867426,0.0001754843833623454,0.001
224,0.01906653866171837,0.018368614837527275,1.1728137906175107e-05,0.0005015826900489628,0.00018461512809153646,0.001
225,0.019103171303868294,0.018332352861762047,1.1542840184119996e-05,0.0005816242191940546,0.00017764991207513958,0.001
226,0.019550906494259834,0.018429825082421303,1.1351602552167606e-05,0.000931485032197088,0.00017824466340243816,0.001
227,0.01977197453379631,0.01842065155506134,1.1477957741590217e-05,0.0011587797198444605,0.00018106563948094845,0.001
228,0.020163508132100105,0.018551236018538475,1.1284125321253669e-05,0.0013922052457928658,0.0002087823231704533,0.001
229,0.0204376969486475,0.01890614815056324,1.239523680851562e-05,0.0013332689413800836,0.00018588251259643584,0.001
230,0.019647059962153435,0.018567929044365883,1.1549061127880123e-05,0.0008794007007963955,0.00018817999807652086,0.001
231,0.019561026245355606,0.01870642602443695,1.202129260491347e-05,0.0006141545018181205,0.0002284244546899572,0.001
232,0.01903579942882061,0.018284805119037628,1.1749597433663439e-05,0.00055915885604918,0.00018008136248681694,0.001
233,0.018801936879754066,0.018136244267225266,1.1171864571224432e-05,0.00048782583326101303,0.00016669453179929405,0.001
234,0.01913977786898613,0.01831468753516674,1.1387884114810731e-05,0.0006325321737676859,0.00018117146100848913,0.001
235,0.020675884559750557,0.019168393686413765,1.2756097930832766e-05,0.001270866603590548,0.0002238667366327718,0.001
236,0.022839168086647987,0.02006351947784424,1.3034656149102375e-05,0.0024753843899816275,0.0002872273907996714,0.001
237,0.03337416425347328,0.028507083654403687,2.3750291802571155e-05,0.0032983708661049604,0.00154495716560632,0.001
238,0.027497021481394768,0.025071319192647934,1.6173638869076967e-05,0.0017416822956874967,0.0006678425124846399,0.001
239,0.025543631985783577,0.022815611213445663,1.2886477634310722e-05,0.001930540194734931,0.0007845957297831774,0.001
240,0.024764955043792725,0.022491633892059326,3.6447705497266725e-05,0.0014886407880112529,0.0007482337532564998,0.001
241,0.023278875276446342,0.02143707685172558,1.4780349374632351e-05,0.0015796093503013253,0.0002474075590725988,0.001
242,0.02273309789597988,0.021002354100346565,1.2289455298741814e-05,0.0015117573784664273,0.0002066959859803319,0.001
243,0.02192007191479206,0.020406827330589294,1.1335083399899304e-05,0.0012285021366551518,0.0002734094450715929,0.001
244,0.02298814430832863,0.02157318964600563,1.4210962035576813e-05,0.0010056464234367013,0.00039509477210231125,0.001
245,0.02159106358885765,0.01917591318488121,1.215924112329958e-05,0.0016761665465310216,0.0007268256740644574,0.001
246,0.01961042732000351,0.018215468153357506,1.2642145520658232e-05,0.0011414717882871628,0.00024084321921691298,0.001
247,0.018609989434480667,0.017723530530929565,1.1394368812034372e-05,0.000697991403285414,0.00017707576625980437,0.001
248,0.018633835017681122,0.017845438793301582,1.0816422218340449e-05,0.0005995760438963771,0.00017800615751184523,0.001
249,0.019361792132258415,0.018677569925785065,1.1094779438280966e-05,0.0004805430944543332,0.00019258369866292924,0.001
250,0.018079470843076706,0.017446743324398994,1.0783263860503212e-05,0.00046858383575454354,0.0001533577305963263,0.001
251,0.01788376271724701,0.017228998243808746,1.0089916941069532e-05,0.0004962087841704488,0.00014846352860331535,0.001
252,0.01827063597738743,0.017631763592362404,1.042399071593536e-05,0.00047716122935526073,0.0001512829476268962,0.001
253,0.018262077122926712,0.017604850232601166,1.0860959264391568e-05,0.0004973532631993294,0.00014901331451255828,0.001
254,0.01836148090660572,0.017645491287112236,1.0116747944266535e-05,0.0005591798690147698,0.00014669180382043123,0.001
255,0.018744613975286484,0.018113797530531883,1.1058813470299356e-05,0.00047247827751562,0.00014727763482369483,0.001
256,0.018170705065131187,0.017517264932394028,1.1285667824267875e-05,0.0004917889600619674,0.00015036477998364717,0.001
257,0.019632242619991302,0.019028116017580032,1.0854636457224842e-05,0.00044102719402872026,0.000152246342622675,0.001
258,0.018180187791585922,0.017567744478583336,1.0991435374307912e-05,0.00045404478441923857,0.0001474068412790075,0.001
259,0.018199598416686058,0.01749497652053833,1.0209026186203118e-05,0.0005440296372398734,0.0001503791572758928,0.001
260,0.017933465540409088,0.01731240749359131,1.0116420526173897e-05,0.00046593756997026503,0.00014500464021693915,0.001
261,0.017953049391508102,0.01733517274260521,1.0158147233596537e-05,0.0004583239206112921,0.00014939669927116483,0.001
262,0.01810462959110737,0.017476271837949753,1.0206787010247353e-05,0.00047265138709917665,0.00014550084597431123,0.001
263,0.01815294660627842,0.01752781867980957,1.0759765245893504e-05,0.00047031932626850903,0.00014404849207494408,0.001
264,0.018230434507131577,0.01757366769015789,1.037073161569424e-05,0.0005030331085436046,0.00014336146705318242,0.001
265,0.01907248981297016,0.018449828028678894,1.1490978067740798e-05,0.00045330155990086496,0.0001578694354975596,0.001
266,0.020019255578517914,0.0193018838763237,1.0369578376412392e-05,0.0005597670678980649,0.00014723467756994069,0.001
267,0.020279396325349808,0.019467996433377266,1.17619401862612e-05,0.0006435242830775678,0.00015611462004017085,0.001
268,0.019925974309444427,0.018704188987612724,1.2712343959719874e-05,0.0008944802102632821,0.00031459410092793405,0.001
269,0.019263330847024918,0.01856527477502823,1.0356011443946045e-05,0.0004700993013102561,0.0002175999979954213,0.001
270,0.018300728872418404,0.017588399350643158,1.0996960554621182e-05,0.0005181021406315267,0.00018323224503546953,0.001
271,0.017999062314629555,0.01733948476612568,1.0116058547282591e-05,0.000503546732943505,0.00014591617218684405,0.001
272,0.017337672412395477,0.016771802678704262,1.0255912457068916e-05,0.00041895880713127553,0.0001366536453133449,0.0005
273,0.01633249595761299,0.015803931280970573,9.725580639496911e-06,0.0003852380032185465,0.00013360229786485434,0.0005
274,0.01613719016313553,0.015607456676661968,9.306462743552402e-06,0.00039081479189917445,0.0001296134723816067,0.0005
275,0.016139086335897446,0.015623698011040688,9.38570337893907e-06,0.000376205425709486,0.00012979790335521102,0.0005
276,0.015959542244672775,0.015443545766174793,9.183514521282632e-06,0.0003781159466598183,0.00012869565398432314,0.0005
277,0.01590157113969326,0.015371760353446007,9.204847629007418e-06,0.00039277825271710753,0.0001278254494536668,0.0005
278,0.016118135303258896,0.015620934776961803,9.095023415284231e-06,0.00035989805473946035,0.000128209067042917,0.0005
279,0.0159055944532156,0.015403143130242825,9.141142982116435e-06,0.0003648757701739669,0.0001284333848161623,0.0005
280,0.015819674357771873,0.015317843295633793,8.896396138879936e-06,0.0003669214202091098,0.00012601385242305696,0.0005
281,0.0158457700163126,0.015320846810936928,8.970075214165263e-06,0.00038998661329969764,0.00012596255692187697,0.0005
282,0.015807030722498894,0.015294983983039856,8.59994088386884e-06,0.0003781589330174029,0.00012528724619187415,0.0005
283,0.01716350018978119,0.016340196132659912,9.171539204544388e-06,0.000683940073940903,0.00013019170728512108,0.0005
284,0.016408655792474747,0.01586410216987133,8.980256097856909e-06,0.00040186935802921653,0.0001337033318122849,0.0005
285,0.016019493341445923,0.015399937517940998,8.978996447694954e-06,0.00047666532918810844,0.00013391388347372413,0.0005
286,0.01605125702917576,0.015445939265191555,9.10802191356197e-06,0.0004698332049883902,0.00012637817417271435,0.0005
287,0.0158358346670866,0.015301389619708061,8.742747922951821e-06,0.0004025858943350613,0.00012311562022659928,0.0005
288,0.015714187175035477,0.015169919468462467,8.686458386364393e-06,0.00041209120536223054,0.00012349235475994647,0.0005
289,0.01560785248875618,0.015078090131282806,8.43719499243889e-06,0.0004003636131528765,0.00012096079444745556,0.0005
290,0.01558538619428873,0.015117572620511055,8.650077688798774e-06,0.00033749788417480886,0.00012166369560873136,0.0005
291,0.015576908364892006,0.01509394682943821,8.407606401306111e-06,0.00035408936673775315,0.00012046407209709287,0.0005
292,0.015589606016874313,0.015113423578441143,8.309013537655119e-06,0.0003475686244200915,0.0001203021893161349,0.0005
293,0.015516682527959347,0.015042347833514214,8.324717782670632e-06,0.00034662484540604055,0.00011938466923311353,0.0005
294,0.015429515391588211,0.014968108385801315,8.335199709108565e-06,0.0003347145102452487,0.00011835986515507102,0.0005
295,0.015353692695498466,0.014887673780322075,8.331643584824633e-06,0.0003399506094865501,0.00011773664300562814,0.0005
296,0.015514559112489223,0.01502301450818777,8.189988875528798e-06,0.0003656779008451849,0.00011767653631977737,0.0005
297,0.015373081900179386,0.01488540880382061,8.194279871531762e-06,0.0003632970910985023,0.00011617859854595736,0.0005
298,0.015358727425336838,0.014894098043441772,7.925542377051897e-06,0.0003404382150620222,0.00011626625200733542,0.0005
299,0.01577022857964039,0.01526933815330267,8.097422323771752e-06,0.0003759076935239136,0.0001168860835605301,0.0005
300,0.01535123959183693,0.014881536364555359,8.153082490025554e-06,0.00034428026992827654,0.00011727259698091075,0.0005
301,0.0154829490929842,0.014849760569632053,8.049018106248695e-06,0.0005017733201384544,0.0001233652583323419,0.0005
302,0.015421711839735508,0.014928377233445644,8.0001327660284e-06,0.0003686156705953181,0.00011671796528389677,0.0005
303,0.015215098857879639,0.01473906822502613,7.738201929896604e-06,0.0003523745108395815,0.0001159173552878201,0.0005
304,0.015132480300962925,0.014666656032204628,7.998677574505564e-06,0.0003442548040766269,0.00011357211042195559,0.0005
305,0.015112997964024544,0.014644596725702286,7.759522304695565e-06,0.000346583517966792,0.00011405660188756883,0.0005
306,0.015204287134110928,0.014747424982488155,7.396559794869972e-06,0.0003350865445099771,0.00011437784269219264,0.0005
307,0.016028992831707,0.01552641112357378,7.924265446490608e-06,0.00037050226819701493,0.00012415497621987015,0.0005
308,0.015445888042449951,0.014981725253164768,7.92229639046127e-06,0.00034241925459355116,0.00011382173397578299,0.0005
309,0.01516927033662796,0.014726262539625168,7.690498932788614e-06,0.00032130107865668833,0.00011401714436942711,0.0005
310,0.015084868296980858,0.01463794894516468,7.646432095498312e-06,0.00032749606180004776,0.00011177801934536546,0.0005
311,0.015070273540914059,0.014591231010854244,7.466472652595257e-06,0.0003600638883654028,0.00011151372018503025,0.0005
312,0.015149997547268867,0.01465973537415266,7.464379450539127e-06,0.0003710472956299782,0.00011175107647432014,0.0005
313,0.014947984367609024,0.014504313468933105,7.560317953902995e-06,0.0003241980157326907,0.00011191178782610223,0.0005
314,0.015401293523609638,0.01465554814785719,6.806200417486252e-06,0.0006176502211019397,0.00012128626985941082,0.0005
315,0.015637872740626335,0.01481650024652481,6.763910278095864e-06,0.0006932418327778578,0.00012136706936871633,0.0005
316,0.015918344259262085,0.015092102810740471,6.919763109181076e-06,0.0006546800723299384,0.0001646436139708385,0.0005
317,0.015389400534331799,0.014765315689146519,7.213839126052335e-06,0.0004682521685026586,0.00014862028183415532,0.0005
318,0.015183311887085438,0.014656929299235344,7.186835773609346e-06,0.00040443515172228217,0.00011476164945634082,0.0005
319,0.015635423362255096,0.015175022184848785,7.459031166945351e-06,0.00034141167998313904,0.00011153044033562765,0.0005
320,0.015020997263491154,0.014602958224713802,7.426337106153369e-06,0.00029992478084750473,0.00011068979074480012,0.0005
321,0.016102982684969902,0.015607954002916813,6.972172741370741e-06,0.0003777667006943375,0.0001102878522942774,0.0005
322,0.014992356300354004,0.014535259455442429,7.357374670391437e-06,0.0003394877421669662,0.00011025224375771359,0.0005
323,0.014744040556252003,0.014320729300379753,6.842738457635278e-06,0.00030885764863342047,0.00010761305748019367,0.0005
324,0.014662844128906727,0.014249889180064201,7.127756362024229e-06,0.00029816021560691297,0.00010766422929009423,0.0005
325,0.014595532789826393,0.014184844680130482,6.796964044042397e-06,0.0002980291028507054,0.0001058627967722714,0.0005
326,0.01456545852124691,0.014138095080852509,7.064416422508657e-06,0.000313442200422287,0.00010685899906093255,0.0005
327,0.014913227409124374,0.014445427805185318,6.781572210456943e-06,0.0003553299466148019,0.00010569107689661905,0.0005
328,0.014780178666114807,0.014332681894302368,6.781327556382166e-06,0.00033444829750806093,0.00010626812581904233,0.0005
329,0.014535512775182724,0.014127390459179878,6.890589247632306e-06,0.0002940909762401134,0.00010714108793763444,0.0005
330,0.014756119810044765,0.014344574883580208,6.832685812696582e-06,0.00030087577761150897,0.00010383364860899746,0.0005
331,0.014638397842645645,0.014215964823961258,6.8929866756661795e-06,0.00031185155967250466,0.00010368817311245948,0.0005
332,0.014499704353511333,0.014090354554355145,6.509852482849965e-06,0.0002996578987222165,0.0001031824285746552,0.0005
333,0.014735556207597256,0.014292784035205841,6.52544486001716e-06,0.0003319411480333656,0.00010430619295220822,0.0005
334,0.014820714481174946,0.014349107630550861,6.670578841294628e-06,0.00035225035389885306,0.00011268590606050566,0.0005
335,0.014838152565062046,0.014419138431549072,6.612175639020279e-06,0.0003014169924426824,0.00011098398681497201,0.0005
336,0.015240953303873539,0.014805871061980724,6.529898655571742e-06,0.00031468120869249105,0.00011387031554477289,0.0005
337,0.015599166043102741,0.014967655763030052,6.986068456171779e-06,0.00033549670479260385,0.0002890272589866072,0.0005
338,0.015400118194520473,0.014874600805342197,7.557735898444662e-06,0.0003582384961191565,0.00015972023538779467,0.0005
339,0.01467915903776884,0.01423691213130951,7.012868081801571e-06,0.00033033531508408487,0.00010489908891031519,0.0005
340,0.014461072161793709,0.014030560851097107,6.462529199779965e-06,0.0003247043350711465,9.934482659446076e-05,0.0005
341,0.014620090834796429,0.014174339361488819,6.646394012932433e-06,0.00034038565354421735,9.871940710581839e-05,0.0005
342,0.014371817000210285,0.013937628827989101,6.427880634873873e-06,0.0003284461563453078,9.931445674737915e-05,0.0005
343,0.014233210124075413,0.01381305418908596,6.429160748666618e-06,0.0003146855451632291,9.904132457450032e-05,0.0005
344,0.01430437806993723,0.013890400528907776,6.3395477809535805e-06,0.00030981868621893227,9.78190146270208e-05,0.0005
345,0.014121242798864841,0.013726022094488144,6.45892032480333e-06,0.0002914982324000448,9.726172720547765e-05,0.0005
346,0.014010339975357056,0.013613570481538773,6.175000180519419e-06,0.0002943332656286657,9.62600315688178e-05,0.0005
347,0.014163291081786156,0.013711247593164444,6.3544157455908135e-06,0.00034899215097539127,9.669826249592006e-05,0.0005
348,0.014167876914143562,0.013750124722719193,6.157866209832719e-06,0.00031482017948292196,9.67719461186789e-05,0.0005
349,0.014154491014778614,0.01376564335078001,6.722341368003981e-06,0.0002822037786245346,9.992161358240992e-05,0.0005
350,0.014468429610133171,0.01405798178166151,6.252826096897479e-06,0.0003066819335799664,9.751375910127535e-05,0.0005
351,0.02718018740415573,0.02653936669230461,8.50880314828828e-06,0.0004614010395016521,0.00017090995970647782,0.0005
352,0.01901097781956196,0.01816953718662262,1.0587840733933263e-05,0.0006828577606938779,0.00014799102791585028,0.0005
353,0.018285872414708138,0.01656634919345379,9.897592462948523e-06,0.0009131775586865842,0.0007964458782225847,0.0005
354,0.020117707550525665,0.017348527908325195,8.909832104109228e-06,0.002468543592840433,0.0002917286183219403,0.0005
355,0.01794447936117649,0.01597728580236435,7.747675226710271e-06,0.0017141822027042508,0.0002452625776641071,0.0005
356,0.01605002023279667,0.01515511330217123,8.129224625008646e-06,0.0007335396949201822,0.00015324127161875367,0.0005
357,0.015686262398958206,0.014962505549192429,1.044954206008697e-05,0.0005991833168081939,0.00011412549065425992,0.0005
358,0.016419667750597,0.014849578030407429,7.619226380484179e-06,0.0014526394661515951,0.0001098346765502356,0.0005
359,0.014716312289237976,0.014060970395803452,7.398964044114109e-06,0.0005476232036016881,0.00010032233694801107,0.0005
360,0.014421671628952026,0.013789008371531963,6.683525043627014e-06,0.0005264487699605525,9.953080007107928e-05,0.0005
361,0.014381729997694492,0.013823326677083969,6.945182576600928e-06,0.00045592078822664917,9.553840209264308e-05,0.0005
362,0.01412318553775549,0.013701189309358597,6.908186151122209e-06,0.00032058809301815927,9.450031211599708e-05,0.0005
363,0.013934768736362457,0.013535561040043831,6.2794561017653905e-06,0.0002989273052662611,9.399917325936258e-05,0.0005
364,0.01383214257657528,0.01346371229737997,6.845782991149463e-06,0.00026860745856538415,9.297781070927158e-05,0.0005
365,0.013732665218412876,0.013343404978513718,6.448125986935338e-06,0.0002912630152422935,9.15486816666089e-05,0.0005
366,0.01361195370554924,0.013199420645833015,6.296108040260151e-06,0.000314518139930442,9.171896090265363e-05,0.0005
367,0.013644390739500523,0.01326768659055233,6.490378837042954e-06,0.0002783311647363007,9.188272088067606e-05,0.0005
368,0.01391031313687563,0.013500332832336426,6.53389906801749e-06,0.0003119903849437833,9.145549120148644e-05,0.0005
369,0.013811875134706497,0.013432634063065052,6.444954124162905e-06,0.0002820913214236498,9.070483793038875e-05,0.0005
370,0.013908246532082558,0.013493197970092297,6.345162091747625e-06,0.000317149271722883,9.155207953881472e-05,0.0005
371,0.01375845167785883,0.0133450236171484,6.494623903563479e-06,0.00031727307941764593,8.966132008936256e-05,0.0005
372,0.01353641226887703,0.01316862367093563,6.524943273689132e-06,0.0002702682977542281,9.099522867472842e-05,0.0005
373,0.013718625530600548,0.013324163854122162,6.308767297014128e-06,0.0002983778831548989,8.977561083156615e-05,0.0005
374,0.013471243903040886,0.013063328340649605,6.229282462300034e-06,0.00031274123466573656,8.894493657862768e-05,0.0005
375,0.013567477464675903,0.013209758326411247,6.28752013653866e-06,0.0002608263457659632,9.060455340659246e-05,0.0005
376,0.013418659567832947,0.013054002076387405,6.051010132068768e-06,0.0002686265797819942,8.9980625489261e-05,0.0005
377,0.013425339013338089,0.013054055161774158,6.239604772417806e-06,0.0002762319054454565,8.881357643986121e-05,0.0005
378,0.013518061488866806,0.01309619378298521,6.049623607395915e-06,0.00032804146758280694,8.777675975579768e-05,0.0005
379,0.013452763669192791,0.013109644874930382,6.092141120461747e-06,0.00025007891235873103,8.694865391589701e-05,0.0005
380,0.013613737188279629,0.013228967785835266,6.1787986851413734e-06,0.00028914702124893665,8.944223372964188e-05,0.0005
381,0.013821689411997795,0.013399968855082989,5.790116119896993e-06,0.00032899543293751776,8.693541894899681e-05,0.0005
382,0.013842009007930756,0.013472490012645721,6.239365120563889e-06,0.0002736856113187969,8.959312253864482e-05,0.0005
383,0.01377150509506464,0.013374047353863716,5.77793616685085e-06,0.00030287698609754443,8.880274253897369e-05,0.0005
384,0.013936790637671947,0.013532835990190506,6.049824150977656e-06,0.00031026953365653753,8.763389632804319e-05,0.0005
385,0.013889145106077194,0.013516278937458992,6.046383532520849e-06,0.00027713796589523554,8.968180191004649e-05,0.0005
386,0.013955453410744667,0.013535453006625175,6.23575442659785e-06,0.000323795567965135,8.99665683391504e-05,0.0005
387,0.013541590422391891,0.013182826340198517,5.712400252377847e-06,0.00026578930555842817,8.725989027880132e-05,0.0005
388,0.01393536850810051,0.013528003357350826,6.3721108745085075e-06,0.00031286035664379597,8.813192835077643e-05,0.0005
389,0.014278244227170944,0.013875673525035381,5.82225356993149e-06,0.000304636312648654,9.211242286255583e-05,0.0005
390,0.013482680544257164,0.013108661398291588,6.35182323094341e-06,0.0002802490198519081,8.74182369443588e-05,0.0005
391,0.013545156456530094,0.013140750117599964,5.7380093494430184e-06,0.000310442439513281,8.822555537335575e-05,0.0005
392,0.013524073176085949,0.013135379180312157,5.867085747013334e-06,0.0002945993619505316,8.822671952657402e-05,0.0005
393,0.01380947232246399,0.013415472581982613,6.308100637397729e-06,0.0002981112920679152,8.958061516750604e-05,0.0005
394,0.013275676406919956,0.012911762110888958,6.018578915245598e-06,0.00027052697259932756,8.736858580959961e-05,0.0005
395,0.013187150470912457,0.012775012291967869,5.600741587841185e-06,0.0003221661609131843,8.436982898274437e-05,0.0005
396,0.01336816605180502,0.013026791624724865,5.833602244820213e-06,0.0002493139763828367,8.62259985296987e-05,0.0005
397,0.01304554007947445,0.012711797840893269,5.734631486120634e-06,0.00024358440714422613,8.442319085588679e-05,0.0005
398,0.013149922713637352,0.012782393023371696,5.768204118794529e-06,0.00027646144735626876,8.529900514986366e-05,0.0005
399,0.013008734211325645,0.012642866931855679,5.525622327695601e-06,0.0002763750671874732,8.396626071771607e-05,0.0005
400,0.013095720671117306,0.012743853963911533,5.411961410572985e-06,0.00026187539333477616,8.457881631329656e-05,0.0005
401,0.013038670644164085,0.01269047986716032,5.5145642363640945e-06,0.00026003384846262634,8.264351345133036e-05,0.0005
402,0.012917556799948215,0.01255762204527855,5.732347744924482e-06,0.0002718842006288469,8.231698302552104e-05,0.0005
403,0.013035505078732967,0.012621131725609303,5.509571110451361e-06,0.00032814746373333037,8.071695629041642e-05,0.0005
404,0.013324746862053871,0.012928840704262257,5.572166173806181e-06,0.00027568303630687296,0.00011464975978014991,0.0005
405,0.013147838413715363,0.012654386460781097,5.4698084568372e-06,0.00030721689108759165,0.00018076476408168674,0.0005
406,0.01747148297727108,0.015511680394411087,6.734194812452188e-06,0.001464181230403483,0.0004888885887339711,0.0005
407,0.019139574840664864,0.01649867556989193,7.939464921946637e-06,0.0014646925264969468,0.0011682686163112521,0.0005
408,0.021040910854935646,0.01773279905319214,9.796390258998144e-06,0.002121747937053442,0.0011765696108341217,0.0005
409,0.017491772770881653,0.01618817448616028,6.553340426762588e-06,0.0006528628873638809,0.0006441814475692809,0.0005
410,0.02167465165257454,0.017825676128268242,8.48443596623838e-06,0.0033696298487484455,0.0004708596970885992,0.0005
411,0.019218292087316513,0.017079370096325874,1.698147207207512e-05,0.001856067799963057,0.00026587184402160347,0.0005
412,0.016051586717367172,0.014844750054180622,5.844447969138855e-06,0.0010314590763300657,0.00016953283920884132,0.0005
413,0.014480276964604855,0.01363467238843441,1.2998541933484375e-05,0.0007511269068345428,8.147779590217397e-05,0.0005
414,0.013494525104761124,0.012926573865115643,6.424207185773412e-06,0.0004824825737159699,7.904389349278063e-05,0.0005
415,0.013243098743259907,0.0128592224791646,5.833120212628273e-06,0.0003003093006554991,7.7734628575854e-05,0.0005
416,0.012890473939478397,0.012525338679552078,6.13260726822773e-06,0.0002817696367856115,7.723586895735934e-05,0.0005
417,0.013011807575821877,0.012599026784300804,5.463342859002296e-06,0.00033027009340003133,7.704752351855859e-05,0.0005
418,0.012686526402831078,0.012297416105866432,5.703364422515733e-06,0.00030756540945731103,7.584223203593865e-05,0.0005
419,0.019504746422171593,0.01909719407558441,6.122257673268905e-06,0.00027477394905872643,0.00012665576650761068,0.0005
420,0.02169344201683998,0.020884372293949127,1.1631893357844092e-05,0.0006452839006669819,0.00015215510211419314,0.0005
421,0.015605186112225056,0.015129633247852325,8.478520612698048e-06,0.00037038701702840626,9.668544953456149e-05,0.0005
422,0.014460738748311996,0.013978959992527962,6.807690169807756e-06,0.0003868596686515957,8.811170846456662e-05,0.0005
423,0.013781917281448841,0.013071848079562187,6.4554014898021705e-06,0.0006181189673952758,8.549443009542301e-05,0.0005
424,0.01347623486071825,0.012778354808688164,6.368260528688552e-06,0.0006050889496691525,8.642292959848419e-05,0.0005
425,0.013246210291981697,0.012569542042911053,5.879067430214491e-06,0.000592602591495961,7.818543235771358e-05,0.0005
426,0.013203125447034836,0.012500583194196224,6.060934993001865e-06,0.0006132817943580449,8.31988436402753e-05,0.0005
427,0.013039285317063332,0.012328896671533585,6.157222742331214e-06,0.0006271529127843678,7.707839540671557e-05,0.0005
428,0.012851409614086151,0.012352554127573967,5.673701252817409e-06,0.0004133017791900784,7.988149445736781e-05,0.0005
429,0.012591647915542126,0.012248622253537178,6.077274974813918e-06,0.00025877836742438376,7.817153527867049e-05,0.0005
430,0.012441957369446754,0.01207181066274643,5.520082595467102e-06,0.00028716636006720364,7.746040500933304e-05,0.0005
431,0.012397999875247478,0.012030738405883312,5.55835595150711e-06,0.0002859527012333274,7.575028575956821e-05,0.0005
432,0.01222284883260727,0.011914419941604137,5.385355507314671e-06,0.00022776426339987665,7.527988782385364e-05,0.0005
433,0.012783253565430641,0.012431087903678417,5.4937686400080565e-06,0.0002714209840632975,7.525015098508447e-05,0.0005
434,0.01235343236476183,0.012000017799437046,5.394722847995581e-06,0.0002728754479903728,7.51438710722141e-05,0.0005
435,0.012463921681046486,0.012140953913331032,5.154244263394503e-06,0.00024109214427880943,7.67245001043193e-05,0.0005
436,0.01219484955072403,0.011837330646812916,5.2632667575380765e-06,0.00027790156309492886,7.435288716806099e-05,0.0005
437,0.01444055512547493,0.01410223264247179,5.315728685673093e-06,0.00025817262940108776,7.483605440938845e-05,0.0005
438,0.01383223757147789,0.01340802013874054,5.662987405230524e-06,0.0003371992497704923,8.135352982208133e-05,0.0005
439,0.012520242482423782,0.012201100587844849,5.447654075396713e-06,0.00023814624000806361,7.554864714620635e-05,0.0005
440,0.012192575260996819,0.01184272114187479,5.218481419433374e-06,0.0002700452459976077,7.45877405279316e-05,0.0005
441,0.012117092497646809,0.01180980820208788,5.2073405640840065e-06,0.00022908381652086973,7.299568824237213e-05,0.0005
442,0.012007428333163261,0.011661721393465996,5.021396191295935e-06,0.00026788018294610083,7.280587306013331e-05,0.0005
443,0.01205490343272686,0.011674387380480766,5.109137418912724e-06,0.0003024587349500507,7.294798706425354e-05,0.0005
444,0.01187587808817625,0.01158316433429718,4.922397693007952e-06,0.0002157917188014835,7.199747778940946e-05,0.0005
445,0.011899856850504875,0.011601915583014488,5.040853466198314e-06,0.00022195256315171719,7.094805187080055e-05,0.0005
446,0.012612673453986645,0.01225242018699646,5.228694135439582e-06,0.0002841378445737064,7.088788697728887e-05,0.0005
447,0.012315068393945694,0.011954417452216148,4.7656899369030725e-06,0.00028356045368127525,7.232290226966143e-05,0.0005
448,0.012170870788395405,0.0118611641228199,4.904545676254202e-06,0.00022992097365204245,7.488161645596847e-05,0.0005
449,0.012074927799403667,0.01175763551145792,4.952711151418043e-06,0.00023851757578086108,7.381968316622078e-05,0.0005
450,0.01224279124289751,0.011811897158622742,4.752736458613072e-06,0.00035276066046208143,7.338071009144187e-05,0.0005
451,0.012128190137445927,0.011813192628324032,4.9776031119108666e-06,0.0002396746422164142,7.03445402905345e-05,0.0005
452,0.012295931577682495,0.011918843723833561,4.796048870048253e-06,0.0003011432709172368,7.114796608220786e-05,0.0005
453,0.012463998049497604,0.012071819044649601,4.806144261237932e-06,0.0003144689544569701,7.290388748515397e-05,0.0005
454,0.012687093578279018,0.012062402442097664,4.808450285054278e-06,0.0005440092645585537,7.587554136989638e-05,0.0005
455,0.01694677025079727,0.015955710783600807,6.135482635727385e-06,0.00079835404176265,0.00018657156033441424,0.0005
456,0.01809599995613098,0.016557440161705017,9.13823714654427e-06,0.0011970631312578917,0.00033235878800041974,0.0005
457,0.016642319038510323,0.01505910325795412,7.437787189701339e-06,0.0013735889224335551,0.0002021907566813752,0.0005
458,0.014960906468331814,0.013849368318915367,5.9021231209044345e-06,0.0010122783714905381,9.33606643229723e-05,0.0005
459,0.013762854039669037,0.013007334433495998,9.005833817354869e-06,0.00033641274785622954,0.00041010326822288334,0.0005
460,0.01503908820450306,0.013213648460805416,5.470247288030805e-06,0.0016353491228073835,0.00018462061416357756,0.0005
461,0.013788104057312012,0.013143645599484444,6.683044375677127e-06,0.0005534013616852462,8.437447831965983e-05,0.0005
462,0.013674787245690823,0.012692143209278584,4.6849027057760395e-06,0.0009025104227475822,7.544863183284178e-05,0.0005
463,0.012708818539977074,0.01212339848279953,4.901719421468442e-06,0.000509581237565726,7.093894964782521e-05,0.0005
464,0.014123241417109966,0.012818480841815472,5.256258646113565e-06,0.0010735457763075829,0.00022595812333747745,0.0005
465,0.012616679072380066,0.011933069676160812,5.006875198887428e-06,0.0003641178482212126,0.0003144823422189802,0.00025
466,0.0117730014026165,0.011457032524049282,4.889040610578377e-06,0.0002092145587084815,0.00010186574218096212,0.00025
467,0.011542785912752151,0.011270509101450443,4.736067239718977e-06,0.00020144970039837062,6.609160482184961e-05,0.00025
468,0.01145976223051548,0.01118933130055666,4.648338745028013e-06,0.00019982563389930874,6.595666491193697e-05,0.00025
469,0.01142401434481144,0.011153788305819035,4.458480816538213e-06,0.00019991115550510585,6.585676601389423e-05,0.00025
470,0.011400646530091763,0.011131207458674908,4.4594153223442845e-06,0.0001991051685763523,6.587452662643045e-05,0.00025
471,0.011410888284444809,0.011141381226480007,4.382575752970297e-06,0.00019940458878409117,6.57196796964854e-05,0.00025
472,0.011352642439305782,0.011085499078035355,4.460445779841393e-06,0.00019707939645741135,6.560101610375568e-05,0.00025
473,0.011331312358379364,0.011065205559134483,4.472918590181507e-06,0.00019589504518080503,6.57394775771536e-05,0.00025
474,0.011319252662360668,0.011053739115595818,4.463425284484401e-06,0.0001958591165021062,6.519132148241624e-05,0.00025
475,0.011312371119856834,0.01104750856757164,4.460927357285982e-06,0.00019534579769242555,6.505606870632619e-05,0.00025
476,0.011298584751784801,0.011033827438950539,4.336884103395278e-06,0.00019511352002155036,6.530639802804217e-05,0.00025
477,0.011279311962425709,0.011014808900654316,4.507950052357046e-06,0.00019467530364636332,6.531868712045252e-05,0.00025
478,0.011277061887085438,0.011011586524546146,4.437160896486603e-06,0.00019578599312808365,6.525287608383223e-05,0.00025
479,0.011325935833156109,0.011009974405169487,4.3704289964807685e-06,0.00024668630794622004,6.490504165412858e-05,0.00025
480,0.011275547556579113,0.011013715527951717,4.452178927749628e-06,0.00019223691197112203,6.514372944366187e-05,0.00025
481,0.011253198608756065,0.01099005714058876,4.42059490524116e-06,0.00019397771393414587,6.47441265755333e-05,0.00025
482,0.011238953098654747,0.010976426303386688,4.479905783227878e-06,0.0001932030136231333,6.484465848188847e-05,0.00025
483,0.01123804785311222,0.010977230034768581,4.4234193410375156e-06,0.0001917399640660733,6.46545595373027e-05,0.00025
484,0.011216646060347557,0.010957402177155018,4.390729827719042e-06,0.00019052583957090974,6.432842928916216e-05,0.00025
485,0.01118786446750164,0.01092800498008728,4.3289060158713255e-06,0.00019082606013398618,6.470648804679513e-05,0.00025
486,0.011186022311449051,0.010928688570857048,4.26530277763959e-06,0.00018911584629677236,6.395125819835812e-05,0.00025
487,0.011181117966771126,0.010924337431788445,4.249679022905184e-06,0.0001889445265987888,6.358855171129107e-05,0.00025
488,0.011197135783731937,0.010937313549220562,4.23736537413788e-06,0.00019154349865857512,6.404248415492475e-05,0.00025
489,0.011205114424228668,0.010947627946734428,4.258413810021011e-06,0.00018918175192084163,6.40485595795326e-05,0.00025
490,0.011269562877714634,0.011013523675501347,4.231143520883052e-06,0.00018781829567160457,6.398960249498487e-05,0.00025
491,0.011166755110025406,0.010909688659012318,4.252521648595575e-06,0.00018902006559073925,6.379430124070495e-05,0.00025
492,0.01113122422248125,0.010874384082853794,4.296853148844093e-06,0.00018864034791477025,6.390309135895222e-05,0.00025
493,0.011204065755009651,0.010948661714792252,4.220767095830524e-06,0.00018771947361528873,6.346181180560961e-05,0.00025
494,0.011326446197926998,0.011069873347878456,4.207935944577912e-06,0.0001893067528726533,6.305717397481203e-05,0.00025
495,0.01114573422819376,0.010890113189816475,4.045599780511111e-06,0.0001876563037512824,6.391860370058566e-05,0.00025
496,0.011186309158802032,0.010931196622550488,4.185162651992869e-06,0.000187085970537737,6.38412093394436e-05,0.00025
497,0.011106358841061592,0.010851963423192501,4.161597644269932e-06,0.0001872203720267862,6.301347457338125e-05,0.00025
498,0.011072656139731407,0.010819497518241405,4.143230398767628e-06,0.0001859869807958603,6.302783731371164e-05,0.00025
499,0.011061495169997215,0.010809692554175854,4.141135832469445e-06,0.00018475261458661407,6.290923920460045e-05,0.00025
500,0.011044318787753582,0.010791151784360409,4.072766387253068e-06,0.00018601097690407187,6.30836293566972e-05,0.00025
501,0.011078204959630966,0.010827364400029182,4.179511051916052e-06,0.00018441192514728755,6.224922253750265e-05,0.00025
502,0.011053796857595444,0.01080287154763937,4.068388534506084e-06,0.00018405703303869814,6.279932131292298e-05,0.00025
503,0.011023541912436485,0.010774794965982437,4.074406206200365e-06,0.00018266325059812516,6.201009819051251e-05,0.00025
504,0.01100456528365612,0.0107552045956254,4.010447810287587e-06,0.00018333573825657368,6.201271753525361e-05,0.00025
505,0.011049270629882812,0.010799955576658249,3.977152573497733e-06,0.00018351133621763438,6.182735523907468e-05,0.00025
506,0.01101341936737299,0.010764000937342644,4.01051602239022e-06,0.0001829395623644814,6.246948032639921e-05,0.00025
507,0.01097390428185463,0.010725429281592369,4.1268976929131895e-06,0.00018278617062605917,6.15636381553486e-05,0.00025
508,0.010981951840221882,0.010733840055763721,3.9879455471236724e-06,0.00018269590509589761,6.142837082734331e-05,0.00025
509,0.01103244163095951,0.010785050690174103,3.959361947636353e-06,0.00018200480553787202,6.142825441202149e-05,0.00025
510,0.010979177430272102,0.010731400921940804,3.838408247247571e-06,0.0001825592917157337,6.137807213235646e-05,0.00025
511,0.01094280369579792,0.010697761550545692,3.9227429624588694e-06,0.0001800406025722623,6.107858644099906e-05,0.00025
512,0.010920553468167782,0.010675555095076561,3.88103217119351e-06,0.00018015061505138874,6.096614379202947e-05,0.00025
513,0.010909199714660645,0.010664503090083599,3.924414158973377e-06,0.00018021161668002605,6.056180063751526e-05,0.00025
514,0.010896562598645687,0.010653642937541008,3.886629201588221e-06,0.0001791964896256104,5.98371698288247e-05,0.00025
515,0.010896927677094936,0.010653476230800152,3.750727955775801e-06,0.00017910089809447527,6.059925726731308e-05,0.00025
516,0.010911697521805763,0.010669588111341,3.7907291243755026e-06,0.00017758144531399012,6.0738137108273804e-05,0.00025
517,0.010899536311626434,0.010656791739165783,3.7937584238534328e-06,0.00017873727483674884,6.0214948462089524e-05,0.00025
518,0.010882571339607239,0.01064135879278183,3.824489340331638e-06,0.00017702492186799645,6.0363941884133965e-05,0.00025
519,0.01087566465139389,0.010631835088133812,3.959143668907927e-06,0.00017950542678590864,6.036505146767013e-05,0.00025
520,0.011094518005847931,0.010848461650311947,3.7805114061484346e-06,0.0001817433221731335,6.053359174984507e-05,0.00025
521,0.011323864571750164,0.011076020076870918,3.7993117985024583e-06,0.00018130101670976728,6.274520274018869e-05,0.00025
522,0.010948301292955875,0.01070396788418293,3.821423888439313e-06,0.00018042325973510742,6.008827404002659e-05,0.00025
523,0.010920015163719654,0.010675962083041668,3.8585935726587195e-06,0.00017987721366807818,6.031811790307984e-05,0.00025
524,0.010859185829758644,0.010611588135361671,3.7786246593896067e-06,0.00018409873882774264,5.971884456812404e-05,0.00025
525,0.010905654169619083,0.010658888146281242,3.6994574657001067e-06,0.0001829073007684201,6.0161244618939236e-05,0.00025
526,0.01082547102123499,0.010560925118625164,3.6822675610892475e-06,0.0002009620948228985,5.990176214254461e-05,0.00025
527,0.010927780531346798,0.01063366699963808,3.7372365113697015e-06,0.00023063983826432377,5.973580846330151e-05,0.00025
528,0.010896698571741581,0.010660195723176003,3.6340707083581947e-06,0.00017410125292371958,5.876940849702805e-05,0.00025
529,0.010903271846473217,0.010640477761626244,3.6320436720416183e-06,0.00019946711836382747,5.9696874814108014e-05,0.00025
530,0.01105237752199173,0.010755708441138268,3.7762977171951206e-06,0.00023320229956880212,5.9690199122997e-05,0.00025
531,0.010830328799784184,0.010566193610429764,3.6552221445163013e-06,0.00020070902246516198,5.977208274998702e-05,0.00025
532,0.010788273066282272,0.010523329488933086,3.572532477846835e-06,0.00020247898646630347,5.889287422178313e-05,0.00025
533,0.010824381373822689,0.010536515153944492,3.6318258480605436e-06,0.00022472326236311346,5.9512603911571205e-05,0.00025
534,0.010851343162357807,0.010594788007438183,3.550193923729239e-06,0.00019421910110395402,5.878623778698966e-05,0.00025
535,0.011151199229061604,0.010744962841272354,3.693824055517325e-06,0.0003392547369003296,6.328804010991007e-05,0.00025
536,0.01094204094260931,0.010648672468960285,3.5943569400842534e-06,0.0002302559878444299,5.9517918998608366e-05,0.00025
537,0.010898813605308533,0.010614929720759392,3.5658640626934357e-06,0.00022179645020514727,5.852132017025724e-05,0.00025
538,0.01077686995267868,0.01054431777447462,3.532486516633071e-06,0.00017027257126756012,5.874702037544921e-05,0.00025
539,0.010805699042975903,0.01056851539760828,3.5301968637213577e-06,0.0001755009579937905,5.815280746901408e-05,0.00025
540,0.010749776847660542,0.010516946204006672,3.5378413940634346e-06,0.00017101204139180481,5.8280802477383986e-05,0.00025
541,0.010726897977292538,0.010495970025658607,3.566844043234596e-06,0.00016913615399971604,5.822360253660008e-05,0.00025
542,0.010713708586990833,0.01048213429749012,3.5412101624388015e-06,0.00016972594312392175,5.830728332512081e-05,0.00025
543,0.010912921279668808,0.010681926272809505,3.54013991454849e-06,0.00016956712352111936,5.7887209550244734e-05,0.00025
544,0.010729270055890083,0.010497011244297028,3.552896941982908e-06,0.00017087673768401146,5.7830329751595855e-05,0.00025
545,0.010720049031078815,0.010490232147276402,3.491475581540726e-06,0.0001686056493781507,5.77189312025439e-05,0.00025
546,0.010653714649379253,0.010424314066767693,3.5539922009775182e-06,0.00016806453641038388,5.778187187388539e-05,0.00025
547,0.010831359773874283,0.010597802698612213,3.528107072270359e-06,0.00017120862321462482,5.881984543520957e-05,0.00025
548,0.010870086960494518,0.010633189231157303,3.517086497595301e-06,0.00017459884111303836,5.878274896531366e-05,0.00025
549,0.010731888003647327,0.010468047112226486,3.4595591387187596e-06,0.00020356063032522798,5.682149640051648e-05,0.00025
550,0.010686236433684826,0.010417374782264233,3.3721526051522233e-06,0.00020849116845056415,5.6998556829057634e-05,0.00025
551,0.010604101233184338,0.010377216152846813,3.331668267492205e-06,0.00016704763402231038,5.6507815315853804e-05,0.00025
552,0.012079818174242973,0.011479600332677364,3.567242174540297e-06,0.000536332605406642,6.0318085161270574e-05,0.00025
553,0.010931616649031639,0.01063590683043003,3.5544869660952827e-06,0.0002327943075215444,5.936014713370241e-05,0.00025
554,0.011406761594116688,0.011115530505776405,3.561522817108198e-06,0.0002067609311779961,8.090754272416234e-05,0.00025
555,0.010775181464850903,0.01049830112606287,3.378658675501356e-06,0.0002142687444575131,5.923152275499888e-05,0.00025
556,0.010842900723218918,0.010585064068436623,3.3147418889711844e-06,0.00019603762484621257,5.848433283972554e-05,0.00025
557,0.010560153983533382,0.010320879518985748,3.4018439691863023e-06,0.0001793580304365605,5.651382525684312e-05,0.00025
558,0.01061589177697897,0.010361989960074425,3.3188498491654173e-06,0.0001944057730725035,5.617685746983625e-05,0.00025
559,0.010582873597741127,0.010300610214471817,3.4198778848804068e-06,0.00022233404160942882,5.651079482049681e-05,0.00025
560,0.010570014826953411,0.010321639478206635,3.315363983347197e-06,0.0001897543843369931,5.530705311684869e-05,0.00025
561,0.010537022724747658,0.010283437557518482,3.344254082549014e-06,0.0001951494487002492,5.5091670219553635e-05,0.00025
562,0.010680499486625195,0.010398139245808125,3.280612418166129e-06,0.00022340743453241885,5.567162224906497e-05,0.00025
563,0.01052302960306406,0.010298201814293861,3.3715518839017022e-06,0.00016609059821348637,5.536626485991292e-05,0.00025
564,0.010849466547369957,0.010594667866826057,3.4195195439679082e-06,0.00019587547285482287,5.550378409679979e-05,0.00025
565,0.010561143048107624,0.010295426473021507,3.2996483696479117e-06,0.00020629838400054723,5.611687811324373e-05,0.00025
566,0.011513208970427513,0.010516095906496048,3.16082969220588e-06,0.0009028928470797837,9.105922799790278e-05,0.00025
567,0.011141259223222733,0.010451879352331161,3.4339634567004396e-06,0.000556538871023804,0.00012940603483002633,0.00025
568,0.011153683066368103,0.01036200113594532,3.036211637663655e-06,0.0006164204678498209,0.0001722248998703435,0.00025
569,0.01211010292172432,0.011055686511099339,5.01609974890016e-06,0.0006418235134333372,0.00040757659007795155,0.00025
570,0.01213336642831564,0.01127287745475769,3.96276163883158e-06,0.0006380082340911031,0.00021851797646377236,0.00025
571,0.013843846507370472,0.01223036926239729,3.949491201638011e-06,0.0010116994380950928,0.0005978300468996167,0.00025
572,0.013273068703711033,0.012094718404114246,4.9875766308105085e-06,0.0007633091881871223,0.00041005160892382264,0.00025
573,0.013509895652532578,0.012554077431559563,3.6615965655073524e-06,0.0007929446292109787,0.00015920957957860082,0.00025
574,0.01308120135217905,0.012259422801434994,1.1602791346376762e-05,0.0007170126191340387,9.316079376731068e-05,0.00025
575,0.011887280270457268,0.011372370645403862,3.908863163815113e-06,0.00044267403427511454,6.832521467003971e-05,0.00025
576,0.011290792375802994,0.010746541433036327,3.2171913062484236e-06,0.00048664252972230315,5.4392003221437335e-05,0.00025
577,0.010829208418726921,0.010494088754057884,3.2276266210828908e-06,0.00027954179677180946,5.235047865426168e-05,0.00025
578,0.010605093091726303,0.010315828956663609,3.0737751330889296e-06,0.00023472479369957,5.14644525537733e-05,0.00025
579,0.01051330752670765,0.010216130875051022,3.074873575314996e-06,0.00024186521477531642,5.223587868385948e-05,0.00025
580,0.010428115725517273,0.010172110982239246,3.1482447866437724e-06,0.000200917202164419,5.1941351557616144e-05,0.00025
581,0.010444369167089462,0.010157532058656216,3.1878519166639308e-06,0.00023119361139833927,5.245661304797977e-05,0.00025
582,0.010363186709582806,0.010136384516954422,3.26942722495005e-06,0.0001708240743028,5.270840847515501e-05,0.00025
583,0.01068122312426567,0.01027244795113802,3.2348877994081704e-06,0.0003518969751894474,5.364298340282403e-05,0.00025
584,0.010599257424473763,0.01014847494661808,3.214297294107382e-06,0.00039389898302033544,5.3669795306632295e-05,0.00025
585,0.010446214117109776,0.010161527432501316,3.3174628697452135e-06,0.0002292781719006598,5.209076698520221e-05,0.00025
586,0.010360069572925568,0.010118392296135426,3.216865707145189e-06,0.0001854987203842029,5.29627941432409e-05,0.00025
587,0.010260207578539848,0.010044528171420097,3.146648623442161e-06,0.00015995347348507494,5.2580737246898934e-05,0.00025
588,0.01024005375802517,0.010025153867900372,3.1404099445353495e-06,0.0001597459486220032,5.2014991524629295e-05,0.00025
589,0.01028234139084816,0.010062048211693764,3.2016785098676337e-06,0.00016460579354315996,5.248401430435479e-05,0.00025
590,0.010312910191714764,0.010083900764584541,3.1732104162074393e-06,0.00017366299289278686,5.217280704528093e-05,0.00025
591,0.010236408561468124,0.010023868642747402,3.2097329949465347e-06,0.00015697228081990033,5.2357314416440204e-05,0.00025
592,0.01019580289721489,0.0099838487803936,3.1298427529691253e-06,0.00015645344683434814,5.237014920567162e-05,0.00025
593,0.010162759572267532,0.00995030626654625,3.1097188184503466e-06,0.00015756444190628827,5.177882485440932e-05,0.00025
594,0.010183820500969887,0.009974395856261253,3.0953749501350103e-06,0.00015451472427230328,5.181409142096527e-05,0.00025
595,0.010268790647387505,0.010059056803584099,3.0452292776317336e-06,0.00015478936256840825,5.190036245039664e-05,0.00025
596,0.010150179266929626,0.009936698712408543,3.0295429951365804e-06,0.00015911324589978904,5.133848389959894e-05,0.00025
597,0.010118015110492706,0.009905188344419003,3.0684138891956536e-06,0.00015747634461149573,5.228230656939559e-05,0.00025
598,0.010113649070262909,0.009900136850774288,3.0524593057634775e-06,0.00015861289284657687,5.184618930798024e-05,0.00025
599,0.010179349221289158,0.009966596961021423,3.0654261991003295e-06,0.00015785185678396374,5.183535904507153e-05,0.00025
